Workbook
Name _DLX1.INC: #REF!
Name Bubble: "Bubble"
Name Chart: "Chart"
Name Dates: OFFSET(#REF!,0,0,COUNT(#REF!),1)
Name ExtNow: OFFSET(#REF!,0,0,COUNT(#REF!),1)
Name HardData: OFFSET(#REF!,0,0,COUNT(#REF!),1)
Name Heatmap: "Heatmap"
Name Histogram: "Histogram"
Name Housing: OFFSET(#REF!,0,0,COUNT(#REF!),1)
Name IQ_CH: 110000
Name IQ_CQ: 5000
Name IQ_CY: 10000
Name IQ_DAILY: 500000
Name IQ_FH: 100000
Name IQ_FQ: 500
Name IQ_FY: 1000
Name IQ_LTM: 2000
Name IQ_MONTH: 15000
Name IQ_NTM: 6000
Name IQ_WEEK: 50000
Name IQ_YTD: 3000
Name Labour: OFFSET(#REF!,0,0,COUNT(#REF!),1)
Name Map: "Map"
Name Other: OFFSET(#REF!,0,0,COUNT(#REF!),1)
Name PieChart: "PieChart"
Name Prices: OFFSET(#REF!,0,0,COUNT(#REF!),1)
Name Scatter: "Scatter"
Name Series: "Series"
Name Surveys: OFFSET(#REF!,0,0,COUNT(#REF!),1)
Name Table: "Table"

Sheet Readme
B2: Colour code
B3: xxx | C3: Hard-coded data (entered by user or pasted from Matlab)
B4: xxx | C4: Required user input
B5: xxx | C5: Link to other cell (for example by VLOOKUP)
B6: xxx | C6: Computation based on other cells
B7: xxx | C7: Chart (to be pasted from sheet to sheet for news decomposition)
B9: Notes
B10: Do not modify the structure of spreadsheets. Otherwise it can mess with the automatic data pasting from Matlab
B11: The sheet "Other charts" is a space for alternative charts and computations. Please use this one for one-off charts to keep the regular sheets uncluttered.
B12: If the specification (number of factors, of lags, of variables, blocks, input series) changes between two runs, the code will paste "Model changed"
B13: In this case, no news decomposition can be done
B14: If change the names of variables, will also understand a new model
B15: Same if the order of variables is changed

Sheet FAME Persistence2
A1: 1 | B1: Readme
A2: Readme | B2: $B$21 | D2: Refresh | E2: 0 | F2: FALSE | L2: FALSE | M2: FALSE | N2: FALSE | O2: -4142

Sheet Main
I1: LATEST | L1: PREVIOUS | O1: BASELINE CHART | R1: CHART WITH ALL ALTERNATIVE MODELS
F2: Q date | G2: Date | H2: Outcome | I2: ="DFM ("&TEXT(I6,"dd mmm.")&")" -> DFM (12 Sep.) | J2: Nowcast - MAE | K2: 2 * MAE | L2: ="DFM ("&TEXT(L6,"dd mmm.")&")" -> DFM (11 Sep.) | O2: Short-term projections | R2: Short-term projections | U2: Q date | V2: No Group 1 | W2: No Group 2 | X2: No Group 3 | Y2: No Group 1 and Group 2 | Z2: No Group 1 and Group 3 | AA2: No Group 2 and Group 3
O3: (quarterly percentage changes) | R3: (quarterly percentage changes)
I6: 45547 | L6: 45546
F9: =RIGHT(_xlfn.CONCAT(YEAR(G9),"Q",ROUNDUP(MONTH(G9)/3,0)),6) -> 2021Q1 | G9: 44286 | H9: 3.7253307 | U9: =F9 -> 2021Q1
F10: =RIGHT(_xlfn.CONCAT(YEAR(G10),"Q",ROUNDUP(MONTH(G10)/3,0)),6) -> 2021Q2 | G10: 44377 | H10: 1.4014142 | U10: =F10 -> 2021Q2
F11: =RIGHT(_xlfn.CONCAT(YEAR(G11),"Q",ROUNDUP(MONTH(G11)/3,0)),6) -> 2021Q3 | G11: 44469 | H11: 1.4998437 | U11: =F11 -> 2021Q3
F12: =RIGHT(_xlfn.CONCAT(YEAR(G12),"Q",ROUNDUP(MONTH(G12)/3,0)),6) -> 2021Q4 | G12: 44561 | H12: 3.202463 | U12: =F12 -> 2021Q4
F13: =RIGHT(_xlfn.CONCAT(YEAR(G13),"Q",ROUNDUP(MONTH(G13)/3,0)),6) -> 2022Q1 | G13: 44651 | H13: 1.264893 | U13: =F13 -> 2022Q1
F14: =RIGHT(_xlfn.CONCAT(YEAR(G14),"Q",ROUNDUP(MONTH(G14)/3,0)),6) -> 2022Q2 | G14: 44742 | H14: 1.2782253 | U14: =F14 -> 2022Q2
F15: =RIGHT(_xlfn.CONCAT(YEAR(G15),"Q",ROUNDUP(MONTH(G15)/3,0)),6) -> 2022Q3 | G15: 44834 | H15: 0.2811436 | U15: =F15 -> 2022Q3
F16: =RIGHT(_xlfn.CONCAT(YEAR(G16),"Q",ROUNDUP(MONTH(G16)/3,0)),6) -> 2022Q4 | G16: 44926 | H16: -1.6233205 | U16: =F16 -> 2022Q4
F17: =RIGHT(_xlfn.CONCAT(YEAR(G17),"Q",ROUNDUP(MONTH(G17)/3,0)),6) -> 2023Q1 | G17: 45016 | H17: 0.60993648 | U17: =F17 -> 2023Q1
F18: =RIGHT(_xlfn.CONCAT(YEAR(G18),"Q",ROUNDUP(MONTH(G18)/3,0)),6) -> 2023Q2 | G18: 45107 | H18: 1.0249592 | J18: =H18 -> 1.0249592 | U18: =F18 -> 2023Q2
F19: =RIGHT(_xlfn.CONCAT(YEAR(G19),"Q",ROUNDUP(MONTH(G19)/3,0)),6) -> 2023Q3 | G19: 45199 | I19: {=INDIRECT("'"&$F19&"'!B"&MATCH(I$6,INDIRECT("'"&$F19&"'!"&"A1:A1000"),0))} -> 0.72946351 | J19: {=INDIRECT("'"&$F19&"'!F"&MATCH(I$6,INDIRECT("'"&$F19&"'!"&"A1:A1000"),0))} -> 0.43832309 | K19: {=2*INDIRECT("'"&$F19&"'!E"&MATCH(I$6,INDIRECT("'"&$F19&"'!"&"A1:A1000"),0))} -> 0.58228086 | L19: {=INDIRECT("'"&$F19&"'!B"&MATCH(L$6,INDIRECT("'"&$F19&"'!"&"A1:A1000"),0))} -> 0.80642123 | O19: Sources: XXX based on Linzenich and Meunier (2024). | R19: Sources: XXX based on Linzenich and Meunier (2024). | U19: =F19 -> 2023Q3 | V19: =VLOOKUP(V$2,Range!$A$2:$C$22,MATCH($U19,Range!$A$1:$C$1,0),FALSE) -> 0.94593492 | W19: =VLOOKUP(W$2,Range!$A$2:$C$22,MATCH($U19,Range!$A$1:$C$1,0),FALSE) -> 0.92556395 | X19: =VLOOKUP(X$2,Range!$A$2:$C$22,MATCH($U19,Range!$A$1:$C$1,0),FALSE) -> 0.63942375 | Y19: =VLOOKUP(Y$2,Range!$A$2:$C$22,MATCH($U19,Range!$A$1:$C$1,0),FALSE) -> 0.92134738 | Z19: =VLOOKUP(Z$2,Range!$A$2:$C$22,MATCH($U19,Range!$A$1:$C$1,0),FALSE) -> 0.68179927 | AA19: =VLOOKUP(AA$2,Range!$A$2:$C$22,MATCH($U19,Range!$A$1:$C$1,0),FALSE) -> -0.085098149
F20: =RIGHT(_xlfn.CONCAT(YEAR(G20),"Q",ROUNDUP(MONTH(G20)/3,0)),6) -> 2023Q4 | G20: 45291 | I20: {=INDIRECT("'"&$F20&"'!B"&MATCH(I$6,INDIRECT("'"&$F20&"'!"&"A1:A1000"),0))} -> 0.55540442 | J20: {=INDIRECT("'"&$F20&"'!F"&MATCH(I$6,INDIRECT("'"&$F20&"'!"&"A1:A1000"),0))} -> 0.21220728 | K20: {=2*INDIRECT("'"&$F20&"'!E"&MATCH(I$6,INDIRECT("'"&$F20&"'!"&"A1:A1000"),0))} -> 0.68639429 | L20: {=INDIRECT("'"&$F20&"'!B"&MATCH(L$6,INDIRECT("'"&$F20&"'!"&"A1:A1000"),0))} -> 0.82494411 | R20: Notes: Light blue dots represent predictions by alternative models obtained by removing 1 or 2 groups of variables from inputs. | U20: =F20 -> 2023Q4 | V20: =VLOOKUP(V$2,Range!$A$2:$C$22,MATCH($U20,Range!$A$1:$C$1,0),FALSE) -> 0.00116967 | W20: =VLOOKUP(W$2,Range!$A$2:$C$22,MATCH($U20,Range!$A$1:$C$1,0),FALSE) -> 0.32425795 | X20: =VLOOKUP(X$2,Range!$A$2:$C$22,MATCH($U20,Range!$A$1:$C$1,0),FALSE) -> 0.5980733 | Y20: =VLOOKUP(Y$2,Range!$A$2:$C$22,MATCH($U20,Range!$A$1:$C$1,0),FALSE) -> -0.043240354 | Z20: =VLOOKUP(Z$2,Range!$A$2:$C$22,MATCH($U20,Range!$A$1:$C$1,0),FALSE) -> 0.62939931 | AA20: =VLOOKUP(AA$2,Range!$A$2:$C$22,MATCH($U20,Range!$A$1:$C$1,0),FALSE) -> 0.39457613
O22: CHART WITH ERROR BANDS | R22: CHART WITH SELECTED ALTERNATIVE MODEL(S)
O23: Short-term projections | R23: Short-term projections
O24: (quarterly percentage changes) | R24: (quarterly percentage changes)
O40: Sources: XXX based on Linzenich and Meunier (2024). | R40: Sources: XXX based on Linzenich and Meunier (2024).
O41: Notes: The grey range represents the 57.5% confidence interval. It is computed based on the mean absolute errors of prediction errors over the past 10 years, following Reifschneider and Tulip (2019). | R41: Notes: Light blue dots represent predictions by alternative models obtained by removing 1 or 2 groups of variables from inputs.

Sheet Heatmap
X1: Q2 2023 | AA1: Q3 2023 | AD1: Q4 2023
C2: 44757 | D2: 44788 | E2: 44819 | F2: 44849 | G2: 44880 | H2: 44910 | I2: 44941 | J2: 44972 | K2: 45000 | L2: 45031 | M2: 45061 | N2: 45092 | O2: 45122 | P2: 45153 | Q2: 45184 | R2: 45214 | S2: 45245 | T2: 45275 | X2: =L2 -> 45031 | Y2: =M2 -> 45061 | Z2: =N2 -> 45092 | AA2: =O2 -> 45122 | AB2: =P2 -> 45153 | AC2: =Q2 -> 45184 | AD2: =R2 -> 45214 | AE2: =S2 -> 45245 | AF2: =T2 -> 45275
A3: Group 1 | B3: Full name 9 | C3: -0.29564796 | D3: -0.08273281 | E3: 0.045817769 | F3: 0.36879923 | G3: 0.4147091 | H3: 0.31534912 | I3: 0.16814683 | J3: 0.104984 | K3: 0.30494334 | L3: 0.24764031 | M3: 0.20089818 | N3: 0.10555132 | O3: 0.066648796 | P3: NaN | Q3: NaN | R3: NaN | S3: NaN | T3: NaN | V3: =A3 -> Group 1 | W3: =B3 -> Full name 9 | X3: =L3 -> 0.24764031 | Y3: =M3 -> 0.20089818 | Z3: =N3 -> 0.10555132 | AA3: =O3 -> 0.066648796 | AB3: =P3 -> NaN | AC3: =Q3 -> NaN | AD3: =R3 -> NaN | AE3: =S3 -> NaN | AF3: =T3 -> NaN
A4: Group 1 | B4: Full name 10 | C4: -0.60346474 | D4: -0.46329457 | E4: -0.42842335 | F4: -0.034234611 | G4: -0.069355206 | H4: -0.082238756 | I4: -0.21875071 | J4: -0.14485884 | K4: -0.030592124 | L4: 0.059255343 | M4: 0.17247068 | N4: 0.18533137 | O4: 0.26594408 | P4: -0.11599815 | Q4: NaN | R4: NaN | S4: NaN | T4: NaN | W4: =B4 -> Full name 10 | X4: =L4 -> 0.059255343 | Y4: =M4 -> 0.17247068 | Z4: =N4 -> 0.18533137 | AA4: =O4 -> 0.26594408 | AB4: =P4 -> -0.11599815 | AC4: =Q4 -> NaN | AD4: =R4 -> NaN | AE4: =S4 -> NaN | AF4: =T4 -> NaN
A5: Group 1 | B5: Full name 11 | C5: -0.41928636 | D5: -0.44211169 | E5: -0.38671345 | F5: -0.35827293 | G5: -0.45000347 | H5: -0.54480393 | I5: -0.68326622 | J5: -0.34993888 | K5: -0.090312261 | L5: 0.25249078 | M5: 0.1665708 | N5: 0.13507081 | O5: 0.084185751 | P5: NaN | Q5: NaN | R5: NaN | S5: NaN | T5: NaN | W5: =B5 -> Full name 11 | X5: =L5 -> 0.25249078 | Y5: =M5 -> 0.1665708 | Z5: =N5 -> 0.13507081 | AA5: =O5 -> 0.084185751 | AB5: =P5 -> NaN | AC5: =Q5 -> NaN | AD5: =R5 -> NaN | AE5: =S5 -> NaN | AF5: =T5 -> NaN
A6: Group 1 | B6: Full name 12 | C6: 1.2105212 | D6: 1.2105212 | E6: 1.2105212 | F6: -0.28309263 | G6: -0.28309263 | H6: -0.28309263 | I6: -1.3014657 | J6: -1.3014657 | K6: -1.3014657 | L6: -2.4013087 | M6: -2.4013087 | N6: -2.4013087 | O6: -2.2202646 | P6: -2.2202646 | Q6: -2.2202646 | R6: NaN | S6: NaN | T6: NaN | W6: =B6 -> Full name 12 | X6: =L6 -> -2.4013087 | Y6: =M6 -> -2.4013087 | Z6: =N6 -> -2.4013087 | AA6: =O6 -> -2.2202646 | AB6: =P6 -> -2.2202646 | AC6: =Q6 -> -2.2202646 | AD6: =R6 -> NaN | AE6: =S6 -> NaN | AF6: =T6 -> NaN
A7: Group 2 | B7: Full name 1 | C7: 0.10349425 | D7: 0.046716992 | E7: 0.09470354 | F7: 0.094633611 | G7: 0.054552753 | H7: -0.17069063 | I7: -0.26688986 | J7: -0.29903405 | K7: -0.040805484 | L7: 0.079601196 | M7: 0.13583607 | N7: 0.014603756 | O7: -0.033600955 | P7: NaN | Q7: NaN | R7: NaN | S7: NaN | T7: NaN | V7: =A7 -> Group 2 | W7: =B7 -> Full name 1 | X7: =L7 -> 0.079601196 | Y7: =M7 -> 0.13583607 | Z7: =N7 -> 0.014603756 | AA7: =O7 -> -0.033600955 | AB7: =P7 -> NaN | AC7: =Q7 -> NaN | AD7: =R7 -> NaN | AE7: =S7 -> NaN | AF7: =T7 -> NaN
A8: Group 2 | B8: Full name 2 | C8: 0.080146713 | D8: 0.011841588 | E8: 0.045994151 | F8: 0.034609963 | G8: -0.022310975 | H8: -0.2727631 | I8: -0.37522079 | J8: -0.42075754 | K8: -0.13615285 | L8: 0.00045740039 | M8: 0.080146713 | N8: -0.04507935 | O8: -0.10200029 | P8: -0.056463538 | Q8: NaN | R8: NaN | S8: NaN | T8: NaN | W8: =B8 -> Full name 2 | X8: =L8 -> 0.00045740039 | Y8: =M8 -> 0.080146713 | Z8: =N8 -> -0.04507935 | AA8: =O8 -> -0.10200029 | AB8: =P8 -> -0.056463538 | AC8: =Q8 -> NaN | AD8: =R8 -> NaN | AE8: =S8 -> NaN | AF8: =T8 -> NaN
A9: Group 2 | B9: Full name 3 | C9: 0.036437407 | D9: 0.046129645 | E9: 0.052072585 | F9: 0.046827691 | G9: -0.021057968 | H9: -0.064045421 | I9: -0.096542205 | J9: -0.05100764 | K9: 0.028924593 | L9: 0.095029794 | M9: 0.093199466 | N9: 0.049739634 | O9: 0.034873899 | P9: 0.03757007 | Q9: NaN | R9: NaN | S9: NaN | T9: NaN | W9: =B9 -> Full name 3 | X9: =L9 -> 0.095029794 | Y9: =M9 -> 0.093199466 | Z9: =N9 -> 0.049739634 | AA9: =O9 -> 0.034873899 | AB9: =P9 -> 0.03757007 | AC9: =Q9 -> NaN | AD9: =R9 -> NaN | AE9: =S9 -> NaN | AF9: =T9 -> NaN
A10: Group 2 | B10: Full name 4 | C10: -0.56123924 | D10: -0.57200264 | E10: -0.52227913 | F10: -0.43749632 | G10: -0.34874045 | H10: -0.26732873 | I10: -0.18996231 | J10: -0.11543723 | K10: -0.050567913 | L10: 0.003273142 | M10: 0.055476813 | N10: 0.11596372 | O10: NaN | P10: NaN | Q10: NaN | R10: NaN | S10: NaN | T10: NaN | W10: =B10 -> Full name 4 | X10: =L10 -> 0.003273142 | Y10: =M10 -> 0.055476813 | Z10: =N10 -> 0.11596372 | AA10: =O10 -> NaN | AB10: =P10 -> NaN | AC10: =Q10 -> NaN | AD10: =R10 -> NaN | AE10: =S10 -> NaN | AF10: =T10 -> NaN
A11: Group 3 | B11: Full name 5 | C11: -0.56362977 | D11: -0.5744409 | E11: -0.52463343 | F11: -0.43964211 | G11: -0.35070215 | H11: -0.26908761 | I11: -0.19161235 | J11: -0.11691476 | K11: -0.051939022 | L11: 0.0020621888 | M11: 0.05437501 | N11: 0.11499362 | O11: 0.17844436 | P11: NaN | Q11: NaN | R11: NaN | S11: NaN | T11: NaN | V11: =A11 -> Group 3 | W11: =B11 -> Full name 5 | X11: =L11 -> 0.0020621888 | Y11: =M11 -> 0.05437501 | Z11: =N11 -> 0.11499362 | AA11: =O11 -> 0.17844436 | AB11: =P11 -> NaN | AC11: =Q11 -> NaN | AD11: =R11 -> NaN | AE11: =S11 -> NaN | AF11: =T11 -> NaN
A12: Group 3 | B12: Full name 6 | C12: -1.1144181 | D12: -0.83070547 | E12: -0.19524245 | F12: 0.44217722 | G12: 0.69440579 | H12: 0.67097059 | I12: 0.66172102 | J12: 0.76119833 | K12: 0.70730182 | L12: 0.39970925 | M12: 0.017453118 | N12: -0.019634087 | O12: 0.37293887 | P12: 0.9868344 | Q12: NaN | R12: NaN | S12: NaN | T12: NaN | W12: =B12 -> Full name 6 | X12: =L12 -> 0.39970925 | Y12: =M12 -> 0.017453118 | Z12: =N12 -> -0.019634087 | AA12: =O12 -> 0.37293887 | AB12: =P12 -> 0.9868344 | AC12: =Q12 -> NaN | AD12: =R12 -> NaN | AE12: =S12 -> NaN | AF12: =T12 -> NaN
A13: Group 3 | B13: Full name 7 | C13: 0.11601606 | D13: -0.0073672673 | E13: -0.11283871 | F13: -0.022685552 | G13: -0.084695694 | H13: -0.13598049 | I13: -0.18762844 | J13: -0.098008352 | K13: 0.016401053 | L13: -0.081228717 | M13: -0.14439013 | N13: -0.13912743 | O13: -0.010883616 | P13: 0.043217507 | Q13: NaN | R13: NaN | S13: NaN | T13: NaN | W13: =B13 -> Full name 7 | X13: =L13 -> -0.081228717 | Y13: =M13 -> -0.14439013 | Z13: =N13 -> -0.13912743 | AA13: =O13 -> -0.010883616 | AB13: =P13 -> 0.043217507 | AC13: =Q13 -> NaN | AD13: =R13 -> NaN | AE13: =S13 -> NaN | AF13: =T13 -> NaN
A14: Group 3 | B14: Full name 8 | C14: -0.1508989 | D14: -0.22880785 | E14: -0.23628051 | F14: -0.091542994 | G14: -0.14107432 | H14: -0.20606236 | I14: -0.24456533 | J14: -0.14633986 | K14: -0.033270689 | L14: -0.13169161 | M14: -0.17181486 | N14: -0.15177699 | O14: -0.00068142773 | P14: 0.032216105 | Q14: NaN | R14: NaN | S14: NaN | T14: NaN | W14: =B14 -> Full name 8 | X14: =L14 -> -0.13169161 | Y14: =M14 -> -0.17181486 | Z14: =N14 -> -0.15177699 | AA14: =O14 -> -0.00068142773 | AB14: =P14 -> 0.032216105 | AC14: =Q14 -> NaN | AD14: =R14 -> NaN | AE14: =S14 -> NaN | AF14: =T14 -> NaN
A15: Group 1 | B15: Full name target | C15: 0.23093034 | D15: 0.23093034 | E15: 0.23093034 | F15: 0.12272356 | G15: 0.12272356 | H15: 0.12272356 | I15: 0.029983764 | J15: 0.029983764 | K15: 0.029983764 | L15: 0.039446283 | M15: 0.039446283 | N15: 0.039446283 | O15: NaN | P15: NaN | Q15: NaN | R15: NaN | S15: NaN | T15: NaN | W15: =B15 -> Full name target | X15: =L15 -> 0.039446283 | Y15: =M15 -> 0.039446283 | Z15: =N15 -> 0.039446283 | AA15: =O15 -> NaN | AB15: =P15 -> NaN | AC15: =Q15 -> NaN | AD15: =R15 -> NaN | AE15: =S15 -> NaN | AF15: =T15 -> NaN
V16: Notes: Z-scores are computed by subtracting the mean and dividing by the standard deviation. For monthly series, value are smoothed over five months as per the approximation of quarterly growth rates with monthly growth rates.
X18: Q2 2023 | AA18: Q3 2023 | AD18: Q4 2023
C19: 44757 | D19: 44788 | E19: 44819 | F19: 44849 | G19: 44880 | H19: 44910 | I19: 44941 | J19: 44972 | K19: 45000 | L19: 45031 | M19: 45061 | N19: 45092 | O19: 45122 | P19: 45153 | Q19: 45184 | R19: 45214 | S19: 45245 | T19: 45275 | X19: =L19 -> 45031 | Y19: =M19 -> 45061 | Z19: =N19 -> 45092 | AA19: =O19 -> 45122 | AB19: =P19 -> 45153 | AC19: =Q19 -> 45184 | AD19: =R19 -> 45214 | AE19: =S19 -> 45245 | AF19: =T19 -> 45275
A20: Group 1 | C20: -0.026969455 | D20: 0.055595543 | E20: 0.11030055 | F20: -0.076700236 | G20: -0.09693555 | H20: -0.14869655 | I20: -0.50883396 | J20: -0.42281986 | K20: -0.27935669 | L20: -0.46048056 | M20: -0.46534225 | N20: -0.4938388 | O20: -0.45087149 | P20: -1.1681314 | Q20: -2.2202646 | R20: NaN | S20: NaN | T20: NaN | W20: =A20 -> Group 1 | X20: =L20 -> -0.46048056 | Y20: =M20 -> -0.46534225 | Z20: =N20 -> -0.4938388 | AA20: =O20 -> -0.45087149 | AB20: =P20 -> -1.1681314 | AC20: =Q20 -> -2.2202646 | AD20: =R20 -> NaN | AE20: =S20 -> NaN | AF20: =T20 -> NaN
A21: Group 2 | C21: -0.085290219 | D21: -0.1168286 | E21: -0.082377212 | F21: -0.065356263 | G21: -0.084389159 | H21: -0.19370697 | I21: -0.23215379 | J21: -0.22155912 | K21: -0.049650414 | L21: 0.044590383 | M21: 0.091164765 | N21: 0.033806941 | O21: -0.033575781 | P21: -0.0094467339 | Q21: NaN | R21: NaN | S21: NaN | T21: NaN | W21: =A21 -> Group 2 | X21: =L21 -> 0.044590383 | Y21: =M21 -> 0.091164765 | Z21: =N21 -> 0.033806941 | AA21: =O21 -> -0.033575781 | AB21: =P21 -> -0.0094467339 | AC21: =Q21 -> NaN | AD21: =R21 -> NaN | AE21: =S21 -> NaN | AF21: =T21 -> NaN
A22: Group 3 | C22: -0.42823269 | D22: -0.41033037 | E22: -0.26724877 | F22: -0.027923361 | G22: 0.029483405 | H22: 0.01496003 | I22: 0.0094787246 | J22: 0.09998384 | K22: 0.15962329 | L22: 0.047212778 | M22: -0.061094214 | N22: -0.048886224 | O22: 0.13495455 | P22: 0.35408934 | Q22: NaN | R22: NaN | S22: NaN | T22: NaN | W22: =A22 -> Group 3 | X22: =L22 -> 0.047212778 | Y22: =M22 -> -0.061094214 | Z22: =N22 -> -0.048886224 | AA22: =O22 -> 0.13495455 | AB22: =P22 -> 0.35408934 | AC22: =Q22 -> NaN | AD22: =R22 -> NaN | AE22: =S22 -> NaN | AF22: =T22 -> NaN
A23: Full name target | C23: 0.23093034 | D23: 0.23093034 | E23: 0.23093034 | F23: 0.12272356 | G23: 0.12272356 | H23: 0.12272356 | I23: 0.029983764 | J23: 0.029983764 | K23: 0.029983764 | L23: 0.039446283 | M23: 0.039446283 | N23: 0.039446283 | O23: NaN | P23: NaN | Q23: NaN | R23: NaN | S23: NaN | T23: NaN | W23: =A23 -> Full name target | X23: =L23 -> 0.039446283 | Y23: =M23 -> 0.039446283 | Z23: =N23 -> 0.039446283 | AA23: =O23 -> NaN | AB23: =P23 -> NaN | AC23: =Q23 -> NaN | AD23: =R23 -> NaN | AE23: =S23 -> NaN | AF23: =T23 -> NaN
V24: Notes: Z-scores are computed by subtracting the mean and dividing by the standard deviation. Z-scores for groups is the un-weighted average of z-scores for all series belonging to that group. For monthly series, value are smoothed over five months as per the approximation of quarterly growth rates with monthly growth rates.
X26: < -2.5 | Y26: [-2.5,-2.0[ | Z26: [-2.0,-1.5[ | AA26: [-1.5,-1.0[ | AB26: [-1.0,-0.5[ | AC26: [-0.5,0.0[ | AD26: [0.0,0.5[ | AE26: [0.5,1.0[ | AF26: [1.0,1.5[ | AG26: [1.5,2.0[ | AH26: [2.0,2.5[ | AI26: > 2.5

Sheet Range
B1: 2023Q3 | C1: 2023Q4
A2: No Group 1 | B2: 0.94593492 | C2: 0.00116967
A3: No Group 2 | B3: 0.92556395 | C3: 0.32425795
A4: No Group 3 | B4: 0.63942375 | C4: 0.5980733
A5: No Group 1 and Group 2 | B5: 0.92134738 | C5: -0.043240354
A6: No Group 1 and Group 3 | B6: 0.68179927 | C6: 0.62939931
A7: No Group 2 and Group 3 | B7: -0.085098149 | C7: 0.39457613
A9: Min | B9: -0.085098149 | C9: -0.043240354
A10: Max | B10: 0.94593492 | C10: 0.62939931
A11: Full model | B11: 0.81504088 | C11: 1.0878795

Sheet Contributions
B1: 2023Q3 | C1: 2023Q4 | Q1: GROUPED CONTRIBUTIONS
A2: Nowcast | B2: 0 | C2: 0 | Q2: Short-term projections
Q3: (quarterly percentage changes, p.p. contributions)
A4: Group 1 | B4: 0 | C4: 0
A5: Group 2 | B5: 0 | C5: 0
A6: Group 3 | B6: 0 | C6: 0
A7: Mean | G7: Contributions below relate to first prediction (back-cast or nowcast)
D8: Full names | E8: Group ID | F8: Group name | G8: Group 1 | H8: Group 2 | I8: Group 3
B9: 0 | C9: 0 | D9: Full name 1 | E9: 2 | F9: Group 2 | H9: 0
A10: Name 1 | B10: 0 | C10: 0 | D10: Full name 2 | E10: 2 | F10: Group 2 | H10: 0
A11: Name 2 | B11: 0 | C11: 0 | D11: Full name 3 | E11: 2 | F11: Group 2 | H11: 0
A12: Name 3 | B12: 0 | C12: 0 | D12: Full name 4 | E12: 2 | F12: Group 2 | H12: 0
A13: Name 4 | B13: 0 | C13: 0 | D13: Full name 5 | E13: 3 | F13: Group 3 | I13: 0
A14: Name 5 | B14: 0 | C14: 0 | D14: Full name 6 | E14: 3 | F14: Group 3 | I14: 0
A15: Name 6 | B15: 0 | C15: 0 | D15: Full name 7 | E15: 3 | F15: Group 3 | I15: 0
A16: Name 7 | B16: 0 | C16: 0 | D16: Full name 8 | E16: 3 | F16: Group 3 | I16: 0
A17: Name 8 | B17: 0 | C17: 0 | D17: Full name 9 | E17: 1 | F17: Group 1 | G17: 0
A18: Name 9 | B18: 0 | C18: 0 | D18: Full name 10 | E18: 1 | F18: Group 1 | G18: 0
A19: Name 10 | B19: 0 | C19: 0 | D19: Full name 11 | E19: 1 | F19: Group 1 | G19: 0
A20: Name 11 | B20: 0 | C20: 0 | D20: Full name 12 | E20: 1 | F20: Group 1 | G20: 0
A21: Name 12 | B21: 0 | C21: 0 | D21: Full name target | E21: 1 | F21: Group 1 | G21: 0
A22: Name target | B22: 0 | C22: 0 | D22: Full name 4 | E22: 2 | F22: Group 2 | H22: 11.741769
A23: Mean | B23: 0.40595026 | C23: 0.41353835 | Q23: Sources: XXX based on Linzenich and Meunier (2024).
Q24: Notes: Contributions are approximated as news from data releases one year prior to the target date of the model prediction.
Q26: INDIVIDUAL CONTRIBUTIONS
Q48: Sources: XXX based on Linzenich and Meunier (2024).
Q49: Notes: Contributions are approximated as news from data releases one year prior to the target date of the model prediction.
Q67: NEWS DECOMPOSITION
Q68: News decomposition
Q69: (quarterly percentage changes, p.p. contributions)
G73: News decomposition graph tool
G74: Quarter | H74: 2023Q4
G75: Old nowcast | H75: 45546
G76: New nowcast | H76: 45547
J77: =CHAR(64+MATCH(J78,INDIRECT("'"&$H$74&"'!"&"A1:AA1"),0)) -> L | K77: =CHAR(64+MATCH(K78,INDIRECT("'"&$H$74&"'!"&"A1:AA1"),0)) -> M | L77: =CHAR(64+MATCH(L78,INDIRECT("'"&$H$74&"'!"&"A1:AA1"),0)) -> N | M77: =CHAR(64+MATCH(M78,INDIRECT("'"&$H$74&"'!"&"A1:AA1"),0)) -> O
H78: =_xlfn.CONCAT("DFM ","(",H74,")") -> DFM (2023Q4) | J78: Group 1 | K78: Group 2 | L78: Group 3 | M78: Revisions (data and model)
G79: =H75 -> 45546 | H79: {=INDIRECT("'"&H74&"'!B"&MATCH(H75,INDIRECT("'"&H74&"'!"&"A1:A1000"),0))} -> 0.82494411
G80: =H76 -> 45547 | H80: {=INDIRECT("'"&H74&"'!B"&MATCH(H76,INDIRECT("'"&H74&"'!"&"A1:A1000"),0))} -> 0.55540442 | J80: =SUM(INDIRECT("'"&$H$74&"'!"&J77&MATCH($H$75,INDIRECT("'"&$H$74&"'!"&"A1:A1000"),0)):INDIRECT("'"&$H$74&"'!"&J77&MATCH($H$76,INDIRECT("'"&$H$74&"'!"&"A1:A1000"),0))) -> -0.18783712 | K80: =SUM(INDIRECT("'"&$H$74&"'!"&K77&MATCH($H$75,INDIRECT("'"&$H$74&"'!"&"A1:A1000"),0)):INDIRECT("'"&$H$74&"'!"&K77&MATCH($H$76,INDIRECT("'"&$H$74&"'!"&"A1:A1000"),0))) -> -0.03388251 | L80: =SUM(INDIRECT("'"&$H$74&"'!"&L77&MATCH($H$75,INDIRECT("'"&$H$74&"'!"&"A1:A1000"),0)):INDIRECT("'"&$H$74&"'!"&L77&MATCH($H$76,INDIRECT("'"&$H$74&"'!"&"A1:A1000"),0))) -> -0.058916918 | M80: =SUM(INDIRECT("'"&$H$74&"'!"&M77&MATCH($H$75,INDIRECT("'"&$H$74&"'!"&"A1:A1000"),0)):INDIRECT("'"&$H$74&"'!"&M77&MATCH($H$76,INDIRECT("'"&$H$74&"'!"&"A1:A1000"),0))) -> 0.011096863 | O80: =======>
Q89: Sources: XXX based on Linzenich and Meunier (2024).
Q90: Notes: Dots represent the evolution of short-term estimates. Bars are contributions to revisions between two consecutive rounds.

Sheet 2023Q3
A1: Date | B1: Current nowcast | C1: Variable coverage | D1: FDA (last 10y) | E1: MAE | F1: Prediction - MAE | G1: Prediction + MAE | I1: Date (old nowcast) | J1: Old nowcast | L1: Group 1 | M1: Group 2 | N1: Group 3 | O1: Revisions (data and model) | Q1: Name 10 | R1: Name 6 | S1: Name 11 | T1: Name 1 | U1: Name 12 | V1: Name 9 | W1: Name 3 | X1: Name target | Y1: Name 7 | Z1: Name 4 | AA1: Name 2 | AB1: Name 8 | AC1: Name 5
A2: 45546 | B2: 0.80642123 | C2: 0.28 | D2: 0.41 | E2: 0.36510066 | F2: 0.44132057 | G2: 1.1715219 | BA2: News decomposition
A3: 45547 | B3: 0.72946351 | C3: 0.47 | D3: 0.39 | E3: 0.29114043 | F3: 0.43832309 | G3: 1.0206039 | I3: 45546 | J3: 0.80642123 | L3: -0.016195449 | M3: 0.018643842 | N3: -0.085966056 | O3: 0.0065599446 | Q3: 0.0011022411 | R3: 0.017541601 | S3: 0 | T3: 0 | U3: 0 | V3: -0.015034789 | W3: 0 | X3: -0.070931267 | Y3: -0.00021161064 | Z3: -0.015983838 | AA3: 0 | AB3: 0 | AC3: 0 | BA3: (quarterly percentage changes, p.p. contributions)
A4: 45979 | B4: 0.81504088 | C4: 0.47 | D4: 0.88 | E4: 0.15 | F4: 0.66504088 | G4: 0.96504088 | H4: Model/file changed | L4: Group 1 | M4: Group 2 | N4: Group 3 | O4: Revisions (data and model) | Q4: Name 1 | R4: Name 2 | S4: Name 3 | T4: Name 4 | U4: Name 5 | V4: Name 6 | W4: Name 7 | X4: Name 8 | Y4: Name 9 | Z4: Name 10 | AA4: Name 11 | AB4: Name 12 | AC4: Name target
A5: 45979 | B5: 0.81504088 | C5: 0.47 | D5: 0.88 | E5: 0.15 | F5: 0.66504088 | G5: 0.96504088 | H5: Model/file changed | L5: Group 1 | M5: Group 2 | N5: Group 3 | O5: Revisions (data and model) | Q5: Name 1 | R5: Name 2 | S5: Name 3 | T5: Name 4 | U5: Name 5 | V5: Name 6 | W5: Name 7 | X5: Name 8 | Y5: Name 9 | Z5: Name 10 | AA5: Name 11 | AB5: Name 12 | AC5: Name target
A6: 45980 | B6: 0.48581054 | C6: 0.47 | D6: 0.88 | E6: 0.15 | F6: 0.33581054 | G6: 0.63581054 | H6: Model/file changed | L6: Group 1 | M6: Group 2 | N6: Group 3 | O6: Revisions (data and model) | Q6: Name 1 | R6: Name 2 | S6: Name 3 | T6: Name 4 | U6: Name 5 | V6: Name 6 | W6: Name 7 | X6: Name 8 | Y6: Name 9 | Z6: Name 10 | AA6: Name 11 | AB6: Name 12 | AC6: Name target
A7: 45980 | B7: 0.55855464 | C7: 0.47 | D7: 0.88 | E7: 0.15 | F7: 0.40855464 | G7: 0.70855464 | H7: Model/file changed | L7: Group 1 | M7: Group 2 | N7: Group 3 | O7: Revisions (data and model) | Q7: Name 1 | R7: Name 2 | S7: Name 3 | T7: Name 4 | U7: Name 5 | V7: Name 6 | W7: Name 7 | X7: Name 8 | Y7: Name 9 | Z7: Name 10 | AA7: Name 11 | AB7: Name 12 | AC7: Name target
A8: 45980 | B8: 0.48581054 | C8: 0.47 | D8: 0.88 | E8: 0.15 | F8: 0.33581054 | G8: 0.63581054 | H8: Model/file changed | L8: Group 1 | M8: Group 2 | N8: Group 3 | O8: Revisions (data and model) | Q8: Name 1 | R8: Name 2 | S8: Name 3 | T8: Name 4 | U8: Name 5 | V8: Name 6 | W8: Name 7 | X8: Name 8 | Y8: Name 9 | Z8: Name 10 | AA8: Name 11 | AB8: Name 12 | AC8: Name target
A9: 45980 | B9: 0.48581054 | C9: 0.47 | D9: 0.88 | E9: 0.15 | F9: 0.33581054 | G9: 0.63581054 | I9: 45980 | J9: 0.48581054 | L9: 0 | M9: 0 | N9: 0 | O9: 0 | Q9: 0 | R9: 0 | S9: 0 | T9: 0 | U9: 0 | V9: 0 | W9: 0 | X9: 0 | Y9: 0 | Z9: 0 | AA9: 0 | AB9: 0 | AC9: 0
A10: 45980 | B10: 0.48581054 | C10: 0.47 | D10: 0.88 | E10: 0.15 | F10: 0.33581054 | G10: 0.63581054 | I10: 45980 | J10: 0.48581054 | L10: 0 | M10: 0 | N10: 0 | O10: 0 | Q10: 0 | R10: 0 | S10: 0 | T10: 0 | U10: 0 | V10: 0 | W10: 0 | X10: 0 | Y10: 0 | Z10: 0 | AA10: 0 | AB10: 0 | AC10: 0
A11: 45980 | B11: 0.48581054 | C11: 0.47 | D11: 0.88 | E11: 0.15 | F11: 0.33581054 | G11: 0.63581054 | I11: 45980 | J11: 0.48581054 | L11: 0 | M11: 0 | N11: 0 | O11: 0 | Q11: 0 | R11: 0 | S11: 0 | T11: 0 | U11: 0 | V11: 0 | W11: 0 | X11: 0 | Y11: 0 | Z11: 0 | AA11: 0 | AB11: 0 | AC11: 0
A12: 45980 | B12: 0.48581054 | C12: 0.47 | D12: 0.54 | E12: 0.26617183 | F12: 0.21963871 | G12: 0.75198237 | I12: 45980 | J12: 0.48581054 | L12: 0 | M12: 0 | N12: 0 | O12: 0 | Q12: 0 | R12: 0 | S12: 0 | T12: 0 | U12: 0 | V12: 0 | W12: 0 | X12: 0 | Y12: 0 | Z12: 0 | AA12: 0 | AB12: 0 | AC12: 0
A13: 45982 | B13: 0.81504088 | C13: 0.47 | D13: 0.88 | E13: 0.15 | F13: 0.66504088 | G13: 0.96504088 | H13: Model/file changed | L13: Group 1 | M13: Group 2 | N13: Group 3 | O13: Revisions (data and model) | Q13: Name 1 | R13: Name 2 | S13: Name 3 | T13: Name 4 | U13: Name 5 | V13: Name 6 | W13: Name 7 | X13: Name 8 | Y13: Name 9 | Z13: Name 10 | AA13: Name 11 | AB13: Name 12 | AC13: Name target
A14: 45982 | B14: 0.81504088 | C14: 0.47 | D14: 0.88 | E14: 0.15 | F14: 0.66504088 | G14: 0.96504088 | H14: Model/file changed | L14: Group 1 | M14: Group 2 | N14: Group 3 | O14: Revisions (data and model) | Q14: Name 1 | R14: Name 2 | S14: Name 3 | T14: Name 4 | U14: Name 5 | V14: Name 6 | W14: Name 7 | X14: Name 8 | Y14: Name 9 | Z14: Name 10 | AA14: Name 11 | AB14: Name 12 | AC14: Name target
A15: 45982 | B15: 0.81504088 | C15: 0.47 | D15: 0.44 | E15: 0.25666371 | F15: 0.55837717 | G15: 1.0717046 | H15: Model/file changed | L15: Group 1 | M15: Group 2 | N15: Group 3 | O15: Revisions (data and model) | Q15: Name 1 | R15: Name 2 | S15: Name 3 | T15: Name 4 | U15: Name 5 | V15: Name 6 | W15: Name 7 | X15: Name 8 | Y15: Name 9 | Z15: Name 10 | AA15: Name 11 | AB15: Name 12 | AC15: Name target
A16: 45982 | B16: 0.81504088 | C16: 0.47 | D16: 0.44 | E16: 0.25666371 | F16: 0.55837717 | G16: 1.0717046 | H16: Model/file changed | L16: Group 1 | M16: Group 2 | N16: Group 3 | O16: Revisions (data and model) | Q16: Name 1 | R16: Name 2 | S16: Name 3 | T16: Name 4 | U16: Name 5 | V16: Name 6 | W16: Name 7 | X16: Name 8 | Y16: Name 9 | Z16: Name 10 | AA16: Name 11 | AB16: Name 12 | AC16: Name target
A17: 45982 | B17: 0.55855464 | C17: 0.47 | D17: 0.88 | E17: 0.15 | F17: 0.40855464 | G17: 0.70855464 | H17: Model/file changed | L17: Group 1 | M17: Group 2 | N17: Group 3 | O17: Revisions (data and model) | Q17: Name 1 | R17: Name 2 | S17: Name 3 | T17: Name 4 | U17: Name 5 | V17: Name 6 | W17: Name 7 | X17: Name 8 | Y17: Name 9 | Z17: Name 10 | AA17: Name 11 | AB17: Name 12 | AC17: Name target
A18: 45986 | B18: 0.48581054 | C18: 0.47 | D18: 0.88 | E18: 0.15 | F18: 0.33581054 | G18: 0.63581054 | H18: Model/file changed | L18: Group 1 | M18: Group 2 | N18: Group 3 | O18: Revisions (data and model) | Q18: Name 1 | R18: Name 2 | S18: Name 3 | T18: Name 4 | U18: Name 5 | V18: Name 6 | W18: Name 7 | X18: Name 8 | Y18: Name 9 | Z18: Name 10 | AA18: Name 11 | AB18: Name 12 | AC18: Name target
A19: 45986 | B19: 0.48581054 | C19: 0.47 | D19: 0.54 | E19: 0.26617183 | F19: 0.21963871 | G19: 0.75198237 | I19: 45986 | J19: 0.48581054 | L19: 0 | M19: 0 | N19: 0 | O19: 0 | Q19: 0 | R19: 0 | S19: 0 | T19: 0 | U19: 0 | V19: 0 | W19: 0 | X19: 0 | Y19: 0 | Z19: 0 | AA19: 0 | AB19: 0 | AC19: 0
A20: 45986 | B20: 0.48581054 | C20: 0.47 | D20: 0.54 | E20: 0.26617183 | F20: 0.21963871 | G20: 0.75198237 | H20: Model/file changed | L20: Group 1 | M20: Group 2 | N20: Group 3 | O20: Revisions (data and model) | Q20: Name 1 | R20: Name 2 | S20: Name 3 | T20: Name 4 | U20: Name 5 | V20: Name 6 | W20: Name 7 | X20: Name 8 | Y20: Name 9 | Z20: Name 10 | AA20: Name 11 | AB20: Name 12 | AC20: Name target
A21: 45986 | B21: 0.48581054 | C21: 0.47 | D21: 0.54 | E21: 0.26617183 | F21: 0.21963871 | G21: 0.75198237 | I21: 45986 | J21: 0.48581054 | L21: 0 | M21: 0 | N21: 0 | O21: 0 | Q21: 0 | R21: 0 | S21: 0 | T21: 0 | U21: 0 | V21: 0 | W21: 0 | X21: 0 | Y21: 0 | Z21: 0 | AA21: 0 | AB21: 0 | AC21: 0
A22: 45986 | B22: 0.48581054 | C22: 0.47 | D22: 0.54 | E22: 0.26617183 | F22: 0.21963871 | G22: 0.75198237 | I22: 45986 | J22: 0.48581054 | L22: 0 | M22: 0 | N22: 0 | O22: 0 | Q22: 0 | R22: 0 | S22: 0 | T22: 0 | U22: 0 | V22: 0 | W22: 0 | X22: 0 | Y22: 0 | Z22: 0 | AA22: 0 | AB22: 0 | AC22: 0 | BA22: Sources: XXX based on Linzenich and Meunier (2024).
A23: 46009 | B23: 0.81504088 | C23: 0.47 | D23: 0.88 | E23: 0.15 | F23: 0.66504088 | G23: 0.96504088 | H23: Model/file changed | L23: Group 1 | M23: Group 2 | N23: Group 3 | O23: Revisions (data and model) | Q23: Name 1 | R23: Name 2 | S23: Name 3 | T23: Name 4 | U23: Name 5 | V23: Name 6 | W23: Name 7 | X23: Name 8 | Y23: Name 9 | Z23: Name 10 | AA23: Name 11 | AB23: Name 12 | AC23: Name target | BA23: Notes: Dots represent the evolution of short-term estimates. Bars are contributions to revisions between two consecutive rounds.
A24: 46009 | B24: 0.81504088 | C24: 0.47 | D24: 0.88 | E24: 0.15 | F24: 0.66504088 | G24: 0.96504088 | H24: Model/file changed | L24: Group 1 | M24: Group 2 | N24: Group 3 | O24: Revisions (data and model) | Q24: Name 1 | R24: Name 2 | S24: Name 3 | T24: Name 4 | U24: Name 5 | V24: Name 6 | W24: Name 7 | X24: Name 8 | Y24: Name 9 | Z24: Name 10 | AA24: Name 11 | AB24: Name 12 | AC24: Name target
A25: 46009 | B25: 0.81504088 | C25: 0.47 | D25: 0.88 | E25: 0.15 | F25: 0.66504088 | G25: 0.96504088 | H25: Model/file changed | L25: Group 1 | M25: Group 2 | N25: Group 3 | O25: Revisions (data and model) | Q25: Name 1 | R25: Name 2 | S25: Name 3 | T25: Name 4 | U25: Name 5 | V25: Name 6 | W25: Name 7 | X25: Name 8 | Y25: Name 9 | Z25: Name 10 | AA25: Name 11 | AB25: Name 12 | AC25: Name target
A26: 46009 | B26: 0.81504088 | C26: 0.47 | D26: 0.88 | E26: 0.15 | F26: 0.66504088 | G26: 0.96504088 | H26: Model/file changed | L26: Group 1 | M26: Group 2 | N26: Group 3 | O26: Revisions (data and model) | Q26: Name 1 | R26: Name 2 | S26: Name 3 | T26: Name 4 | U26: Name 5 | V26: Name 6 | W26: Name 7 | X26: Name 8 | Y26: Name 9 | Z26: Name 10 | AA26: Name 11 | AB26: Name 12 | AC26: Name target
A27: 46009 | B27: 0.81504088 | C27: 0.47 | D27: 0.88 | E27: 0.15 | F27: 0.66504088 | G27: 0.96504088 | H27: Model/file changed | L27: Group 1 | M27: Group 2 | N27: Group 3 | O27: Revisions (data and model) | Q27: Name 1 | R27: Name 2 | S27: Name 3 | T27: Name 4 | U27: Name 5 | V27: Name 6 | W27: Name 7 | X27: Name 8 | Y27: Name 9 | Z27: Name 10 | AA27: Name 11 | AB27: Name 12 | AC27: Name target
A28: 46009 | B28: 0.81504088 | C28: 0.47 | D28: 0.88 | E28: 0.15 | F28: 0.66504088 | G28: 0.96504088 | H28: Model/file changed | L28: Group 1 | M28: Group 2 | N28: Group 3 | O28: Revisions (data and model) | Q28: Name 1 | R28: Name 2 | S28: Name 3 | T28: Name 4 | U28: Name 5 | V28: Name 6 | W28: Name 7 | X28: Name 8 | Y28: Name 9 | Z28: Name 10 | AA28: Name 11 | AB28: Name 12 | AC28: Name target
A29: 46009 | B29: 0.81504088 | C29: 0.47 | D29: 0.88 | E29: 0.15 | F29: 0.66504088 | G29: 0.96504088 | H29: Model/file changed | L29: Group 1 | M29: Group 2 | N29: Group 3 | O29: Revisions (data and model) | Q29: Name 1 | R29: Name 2 | S29: Name 3 | T29: Name 4 | U29: Name 5 | V29: Name 6 | W29: Name 7 | X29: Name 8 | Y29: Name 9 | Z29: Name 10 | AA29: Name 11 | AB29: Name 12 | AC29: Name target
A30: 46009 | B30: 0.81504088 | C30: 0.47 | D30: 0.88 | E30: 0.15 | F30: 0.66504088 | G30: 0.96504088 | H30: Model/file changed | L30: Group 1 | M30: Group 2 | N30: Group 3 | O30: Revisions (data and model) | Q30: Name 1 | R30: Name 2 | S30: Name 3 | T30: Name 4 | U30: Name 5 | V30: Name 6 | W30: Name 7 | X30: Name 8 | Y30: Name 9 | Z30: Name 10 | AA30: Name 11 | AB30: Name 12 | AC30: Name target
A31: 46009 | B31: 0.81504088 | C31: 0.47 | D31: 0.88 | E31: 0.15 | F31: 0.66504088 | G31: 0.96504088 | H31: Model/file changed | L31: Group 1 | M31: Group 2 | N31: Group 3 | O31: Revisions (data and model) | Q31: Name 1 | R31: Name 2 | S31: Name 3 | T31: Name 4 | U31: Name 5 | V31: Name 6 | W31: Name 7 | X31: Name 8 | Y31: Name 9 | Z31: Name 10 | AA31: Name 11 | AB31: Name 12 | AC31: Name target
A32: 46009 | B32: 0.81504088 | C32: 0.47 | D32: 0.88 | E32: 0.15 | F32: 0.66504088 | G32: 0.96504088 | H32: Model/file changed | L32: Group 1 | M32: Group 2 | N32: Group 3 | O32: Revisions (data and model) | Q32: Name 1 | R32: Name 2 | S32: Name 3 | T32: Name 4 | U32: Name 5 | V32: Name 6 | W32: Name 7 | X32: Name 8 | Y32: Name 9 | Z32: Name 10 | AA32: Name 11 | AB32: Name 12 | AC32: Name target
A33: 46009 | B33: 0.81504088 | C33: 0.47 | D33: 0.44 | E33: 0.25666371 | F33: 0.55837717 | G33: 1.0717046 | H33: Model/file changed | L33: Group 1 | M33: Group 2 | N33: Group 3 | O33: Revisions (data and model) | Q33: Name 1 | R33: Name 2 | S33: Name 3 | T33: Name 4 | U33: Name 5 | V33: Name 6 | W33: Name 7 | X33: Name 8 | Y33: Name 9 | Z33: Name 10 | AA33: Name 11 | AB33: Name 12 | AC33: Name target
A34: 46009 | B34: 0.81504088 | C34: 0.47 | D34: 0.88 | E34: 0.15 | F34: 0.66504088 | G34: 0.96504088 | H34: Model/file changed | L34: Group 1 | M34: Group 2 | N34: Group 3 | O34: Revisions (data and model) | Q34: Name 1 | R34: Name 2 | S34: Name 3 | T34: Name 4 | U34: Name 5 | V34: Name 6 | W34: Name 7 | X34: Name 8 | Y34: Name 9 | Z34: Name 10 | AA34: Name 11 | AB34: Name 12 | AC34: Name target
A35: 46009 | B35: 0.74947496 | C35: 0.44 | D35: 0.88 | E35: 0.15 | F35: 0.59947496 | G35: 0.89947496 | H35: Model/file changed | L35: Group 1 | M35: Group 2 | N35: Revisions (data and model) | P35: Name 1 | Q35: Name 2 | R35: Name 3 | S35: Name 4
A36: 46009 | B36: 0.48581054 | C36: 0.47 | D36: 0.88 | E36: 0.15 | F36: 0.33581054 | G36: 0.63581054 | H36: Model/file changed | L36: Group 1 | M36: Group 2 | N36: Group 3 | O36: Revisions (data and model) | Q36: Name 1 | R36: Name 2 | S36: Name 3 | T36: Name 4 | U36: Name 5 | V36: Name 6 | W36: Name 7 | X36: Name 8 | Y36: Name 9 | Z36: Name 10 | AA36: Name 11 | AB36: Name 12 | AC36: Name target
A37: 46009 | B37: 0.55855464 | C37: 0.47 | D37: 0.88 | E37: 0.15 | F37: 0.40855464 | G37: 0.70855464 | H37: Model/file changed | L37: Group 1 | M37: Group 2 | N37: Group 3 | O37: Revisions (data and model) | Q37: Name 1 | R37: Name 2 | S37: Name 3 | T37: Name 4 | U37: Name 5 | V37: Name 6 | W37: Name 7 | X37: Name 8 | Y37: Name 9 | Z37: Name 10 | AA37: Name 11 | AB37: Name 12 | AC37: Name target

Sheet 2023Q4
A1: Date | B1: Current nowcast | C1: Variable coverage | D1: FDA (last 10y) | E1: MAE | F1: Prediction - MAE | G1: Prediction + MAE | I1: Date (old nowcast) | J1: Old nowcast | L1: Group 1 | M1: Group 2 | N1: Group 3 | O1: Revisions (data and model) | Q1: Name 10 | R1: Name 6 | S1: Name 11 | T1: Name 1 | U1: Name 12 | V1: Name 9 | W1: Name 3 | X1: Name target | Y1: Name 7 | Z1: Name 4 | AA1: Name 2 | AB1: Name 8 | AC1: Name 5
A2: 45546 | B2: 0.82494411 | C2: 0 | D2: 0.49 | E2: 0.37567308 | F2: 0.44927103 | G2: 1.2006172 | BA2: News decomposition
A3: 45547 | B3: 0.55540442 | C3: 0 | D3: 0.41 | E3: 0.34319714 | F3: 0.21220728 | G3: 0.89860157 | I3: 45546 | J3: 0.82494411 | L3: -0.18783712 | M3: -0.03388251 | N3: -0.058916918 | O3: 0.011096863 | Q3: -0.031517882 | R3: -0.0023646282 | S3: 0 | T3: 0 | U3: 0 | V3: -0.074289068 | W3: 0 | X3: 0.01537215 | Y3: -0.0049814857 | Z3: -0.18285564 | AA3: 0 | AB3: 0 | AC3: 0 | BA3: (quarterly percentage changes, p.p. contributions)
A4: 45979 | B4: 1.0878795 | C4: 0 | D4: 0.85 | E4: 0.24 | F4: 0.84787951 | G4: 1.3278795 | I4: Model/file changed | L4: Group 1 | M4: Group 2 | N4: Group 3 | O4: Revisions (data and model) | Q4: Name 1 | R4: Name 2 | S4: Name 3 | T4: Name 4 | U4: Name 5 | V4: Name 6 | W4: Name 7 | X4: Name 8 | Y4: Name 9 | Z4: Name 10 | AA4: Name 11 | AB4: Name 12 | AC4: Name target
A5: 45979 | B5: 1.0878795 | C5: 0 | D5: 0.85 | E5: 0.24 | F5: 0.84787951 | G5: 1.3278795 | I5: Model/file changed | L5: Group 1 | M5: Group 2 | N5: Group 3 | O5: Revisions (data and model) | Q5: Name 1 | R5: Name 2 | S5: Name 3 | T5: Name 4 | U5: Name 5 | V5: Name 6 | W5: Name 7 | X5: Name 8 | Y5: Name 9 | Z5: Name 10 | AA5: Name 11 | AB5: Name 12 | AC5: Name target
A6: 45980 | B6: 0.30423539 | C6: 0 | D6: 0.85 | E6: 0.24 | F6: 0.06423539 | G6: 0.54423539 | I6: Model/file changed | L6: Group 1 | M6: Group 2 | N6: Group 3 | O6: Revisions (data and model) | Q6: Name 1 | R6: Name 2 | S6: Name 3 | T6: Name 4 | U6: Name 5 | V6: Name 6 | W6: Name 7 | X6: Name 8 | Y6: Name 9 | Z6: Name 10 | AA6: Name 11 | AB6: Name 12 | AC6: Name target
A7: 45980 | B7: 0.61434105 | C7: 0 | D7: 0.85 | E7: 0.24 | F7: 0.37434105 | G7: 0.85434105 | I7: Model/file changed | L7: Group 1 | M7: Group 2 | N7: Group 3 | O7: Revisions (data and model) | Q7: Name 1 | R7: Name 2 | S7: Name 3 | T7: Name 4 | U7: Name 5 | V7: Name 6 | W7: Name 7 | X7: Name 8 | Y7: Name 9 | Z7: Name 10 | AA7: Name 11 | AB7: Name 12 | AC7: Name target
A8: 45980 | B8: 0.30423539 | C8: 0 | D8: 0.85 | E8: 0.24 | F8: 0.06423539 | G8: 0.54423539 | I8: Model/file changed | L8: Group 1 | M8: Group 2 | N8: Group 3 | O8: Revisions (data and model) | Q8: Name 1 | R8: Name 2 | S8: Name 3 | T8: Name 4 | U8: Name 5 | V8: Name 6 | W8: Name 7 | X8: Name 8 | Y8: Name 9 | Z8: Name 10 | AA8: Name 11 | AB8: Name 12 | AC8: Name target
A9: 45980 | B9: 0.30423539 | C9: 0 | D9: 0.85 | E9: 0.24 | F9: 0.06423539 | G9: 0.54423539 | I9: 45980 | J9: 0.30423539 | L9: 0 | M9: 0 | N9: 0 | O9: 0 | Q9: 0 | R9: 0 | S9: 0 | T9: 0 | U9: 0 | V9: 0 | W9: 0 | X9: 0 | Y9: 0 | Z9: 0 | AA9: 0 | AB9: 0 | AC9: 0
A10: 45980 | B10: 0.30423539 | C10: 0 | D10: 0.85 | E10: 0.24 | F10: 0.06423539 | G10: 0.54423539 | I10: 45980 | J10: 0.30423539 | L10: 0 | M10: 0 | N10: 0 | O10: 0 | Q10: 0 | R10: 0 | S10: 0 | T10: 0 | U10: 0 | V10: 0 | W10: 0 | X10: 0 | Y10: 0 | Z10: 0 | AA10: 0 | AB10: 0 | AC10: 0
A11: 45980 | B11: 0.30423539 | C11: 0 | D11: 0.85 | E11: 0.24 | F11: 0.06423539 | G11: 0.54423539 | I11: 45980 | J11: 0.30423539 | L11: 0 | M11: 0 | N11: 0 | O11: 0 | Q11: 0 | R11: 0 | S11: 0 | T11: 0 | U11: 0 | V11: 0 | W11: 0 | X11: 0 | Y11: 0 | Z11: 0 | AA11: 0 | AB11: 0 | AC11: 0
A12: 45980 | B12: 0.30423539 | C12: 0 | D12: 0.51 | E12: 0.29831257 | F12: 0.005922821 | G12: 0.60254796 | I12: 45980 | J12: 0.30423539 | L12: 0 | M12: 0 | N12: 0 | O12: 0 | Q12: 0 | R12: 0 | S12: 0 | T12: 0 | U12: 0 | V12: 0 | W12: 0 | X12: 0 | Y12: 0 | Z12: 0 | AA12: 0 | AB12: 0 | AC12: 0
A13: 45982 | B13: 1.0878795 | C13: 0 | D13: 0.85 | E13: 0.24 | F13: 0.84787951 | G13: 1.3278795 | I13: Model/file changed | L13: Group 1 | M13: Group 2 | N13: Group 3 | O13: Revisions (data and model) | Q13: Name 1 | R13: Name 2 | S13: Name 3 | T13: Name 4 | U13: Name 5 | V13: Name 6 | W13: Name 7 | X13: Name 8 | Y13: Name 9 | Z13: Name 10 | AA13: Name 11 | AB13: Name 12 | AC13: Name target
A14: 45982 | B14: 1.0878795 | C14: 0 | D14: 0.85 | E14: 0.24 | F14: 0.84787951 | G14: 1.3278795 | I14: Model/file changed | L14: Group 1 | M14: Group 2 | N14: Group 3 | O14: Revisions (data and model) | Q14: Name 1 | R14: Name 2 | S14: Name 3 | T14: Name 4 | U14: Name 5 | V14: Name 6 | W14: Name 7 | X14: Name 8 | Y14: Name 9 | Z14: Name 10 | AA14: Name 11 | AB14: Name 12 | AC14: Name target
A15: 45982 | B15: 1.0878795 | C15: 0 | D15: 0.32 | E15: 0.30540562 | F15: 0.78247389 | G15: 1.3932851 | I15: Model/file changed | L15: Group 1 | M15: Group 2 | N15: Group 3 | O15: Revisions (data and model) | Q15: Name 1 | R15: Name 2 | S15: Name 3 | T15: Name 4 | U15: Name 5 | V15: Name 6 | W15: Name 7 | X15: Name 8 | Y15: Name 9 | Z15: Name 10 | AA15: Name 11 | AB15: Name 12 | AC15: Name target
A16: 45982 | B16: 1.0878795 | C16: 0 | D16: 0.32 | E16: 0.30540562 | F16: 0.78247389 | G16: 1.3932851 | I16: Model/file changed | L16: Group 1 | M16: Group 2 | N16: Group 3 | O16: Revisions (data and model) | Q16: Name 1 | R16: Name 2 | S16: Name 3 | T16: Name 4 | U16: Name 5 | V16: Name 6 | W16: Name 7 | X16: Name 8 | Y16: Name 9 | Z16: Name 10 | AA16: Name 11 | AB16: Name 12 | AC16: Name target
A17: 45982 | B17: 0.61434105 | C17: 0 | D17: 0.85 | E17: 0.24 | F17: 0.37434105 | G17: 0.85434105 | I17: Model/file changed | L17: Group 1 | M17: Group 2 | N17: Group 3 | O17: Revisions (data and model) | Q17: Name 1 | R17: Name 2 | S17: Name 3 | T17: Name 4 | U17: Name 5 | V17: Name 6 | W17: Name 7 | X17: Name 8 | Y17: Name 9 | Z17: Name 10 | AA17: Name 11 | AB17: Name 12 | AC17: Name target
A18: 45986 | B18: 0.30423539 | C18: 0 | D18: 0.85 | E18: 0.24 | F18: 0.06423539 | G18: 0.54423539 | I18: Model/file changed | L18: Group 1 | M18: Group 2 | N18: Group 3 | O18: Revisions (data and model) | Q18: Name 1 | R18: Name 2 | S18: Name 3 | T18: Name 4 | U18: Name 5 | V18: Name 6 | W18: Name 7 | X18: Name 8 | Y18: Name 9 | Z18: Name 10 | AA18: Name 11 | AB18: Name 12 | AC18: Name target
A19: 45986 | B19: 0.30423539 | C19: 0 | D19: 0.51 | E19: 0.29831257 | F19: 0.005922821 | G19: 0.60254796 | I19: 45986 | J19: 0.30423539 | L19: 0 | M19: 0 | N19: 0 | O19: 0 | Q19: 0 | R19: 0 | S19: 0 | T19: 0 | U19: 0 | V19: 0 | W19: 0 | X19: 0 | Y19: 0 | Z19: 0 | AA19: 0 | AB19: 0 | AC19: 0
A20: 45986 | B20: 0.30423539 | C20: 0 | D20: 0.51 | E20: 0.29831257 | F20: 0.005922821 | G20: 0.60254796 | I20: Model/file changed | L20: Group 1 | M20: Group 2 | N20: Group 3 | O20: Revisions (data and model) | Q20: Name 1 | R20: Name 2 | S20: Name 3 | T20: Name 4 | U20: Name 5 | V20: Name 6 | W20: Name 7 | X20: Name 8 | Y20: Name 9 | Z20: Name 10 | AA20: Name 11 | AB20: Name 12 | AC20: Name target
A21: 45986 | B21: 0.30423539 | C21: 0 | D21: 0.51 | E21: 0.29831257 | F21: 0.005922821 | G21: 0.60254796 | I21: 45986 | J21: 0.30423539 | L21: 0 | M21: 0 | N21: 0 | O21: 0 | Q21: 0 | R21: 0 | S21: 0 | T21: 0 | U21: 0 | V21: 0 | W21: 0 | X21: 0 | Y21: 0 | Z21: 0 | AA21: 0 | AB21: 0 | AC21: 0
A22: 45986 | B22: 0.30423539 | C22: 0 | D22: 0.51 | E22: 0.29831257 | F22: 0.005922821 | G22: 0.60254796 | I22: 45986 | J22: 0.30423539 | L22: 0 | M22: 0 | N22: 0 | O22: 0 | Q22: 0 | R22: 0 | S22: 0 | T22: 0 | U22: 0 | V22: 0 | W22: 0 | X22: 0 | Y22: 0 | Z22: 0 | AA22: 0 | AB22: 0 | AC22: 0 | BA22: Sources: XXX based on Linzenich and Meunier (2024).
A23: 46009 | B23: 1.0878795 | C23: 0 | D23: 0.88 | E23: 0.21 | F23: 0.87787951 | G23: 1.2978795 | I23: Model/file changed | L23: Group 1 | M23: Group 2 | N23: Group 3 | O23: Revisions (data and model) | Q23: Name 1 | R23: Name 2 | S23: Name 3 | T23: Name 4 | U23: Name 5 | V23: Name 6 | W23: Name 7 | X23: Name 8 | Y23: Name 9 | Z23: Name 10 | AA23: Name 11 | AB23: Name 12 | AC23: Name target | BA23: Notes: Dots represent the evolution of short-term estimates. Bars are contributions to revisions between two consecutive rounds.
A24: 46009 | B24: 1.0878795 | C24: 0 | D24: 0.88 | E24: 0.21 | F24: 0.87787951 | G24: 1.2978795 | I24: Model/file changed | L24: Group 1 | M24: Group 2 | N24: Group 3 | O24: Revisions (data and model) | Q24: Name 1 | R24: Name 2 | S24: Name 3 | T24: Name 4 | U24: Name 5 | V24: Name 6 | W24: Name 7 | X24: Name 8 | Y24: Name 9 | Z24: Name 10 | AA24: Name 11 | AB24: Name 12 | AC24: Name target
A25: 46009 | B25: 1.0878795 | C25: 0 | D25: 0.88 | E25: 0.21 | F25: 0.87787951 | G25: 1.2978795 | I25: Model/file changed | L25: Group 1 | M25: Group 2 | N25: Group 3 | O25: Revisions (data and model) | Q25: Name 1 | R25: Name 2 | S25: Name 3 | T25: Name 4 | U25: Name 5 | V25: Name 6 | W25: Name 7 | X25: Name 8 | Y25: Name 9 | Z25: Name 10 | AA25: Name 11 | AB25: Name 12 | AC25: Name target
A26: 46009 | B26: 1.0878795 | C26: 0 | D26: 0.88 | E26: 0.21 | F26: 0.87787951 | G26: 1.2978795 | I26: Model/file changed | L26: Group 1 | M26: Group 2 | N26: Group 3 | O26: Revisions (data and model) | Q26: Name 1 | R26: Name 2 | S26: Name 3 | T26: Name 4 | U26: Name 5 | V26: Name 6 | W26: Name 7 | X26: Name 8 | Y26: Name 9 | Z26: Name 10 | AA26: Name 11 | AB26: Name 12 | AC26: Name target
A27: 46009 | B27: 1.0878795 | C27: 0 | D27: 0.88 | E27: 0.21 | F27: 0.87787951 | G27: 1.2978795 | I27: Model/file changed | L27: Group 1 | M27: Group 2 | N27: Group 3 | O27: Revisions (data and model) | Q27: Name 1 | R27: Name 2 | S27: Name 3 | T27: Name 4 | U27: Name 5 | V27: Name 6 | W27: Name 7 | X27: Name 8 | Y27: Name 9 | Z27: Name 10 | AA27: Name 11 | AB27: Name 12 | AC27: Name target
A28: 46009 | B28: 1.0878795 | C28: 0 | D28: 0.88 | E28: 0.21 | F28: 0.87787951 | G28: 1.2978795 | I28: Model/file changed | L28: Group 1 | M28: Group 2 | N28: Group 3 | O28: Revisions (data and model) | Q28: Name 1 | R28: Name 2 | S28: Name 3 | T28: Name 4 | U28: Name 5 | V28: Name 6 | W28: Name 7 | X28: Name 8 | Y28: Name 9 | Z28: Name 10 | AA28: Name 11 | AB28: Name 12 | AC28: Name target
A29: 46009 | B29: 1.0878795 | C29: 0 | D29: 0.88 | E29: 0.21 | F29: 0.87787951 | G29: 1.2978795 | I29: Model/file changed | L29: Group 1 | M29: Group 2 | N29: Group 3 | O29: Revisions (data and model) | Q29: Name 1 | R29: Name 2 | S29: Name 3 | T29: Name 4 | U29: Name 5 | V29: Name 6 | W29: Name 7 | X29: Name 8 | Y29: Name 9 | Z29: Name 10 | AA29: Name 11 | AB29: Name 12 | AC29: Name target
A30: 46009 | B30: 1.0878795 | C30: 0 | D30: 0.88 | E30: 0.21 | F30: 0.87787951 | G30: 1.2978795 | I30: Model/file changed | L30: Group 1 | M30: Group 2 | N30: Group 3 | O30: Revisions (data and model) | Q30: Name 1 | R30: Name 2 | S30: Name 3 | T30: Name 4 | U30: Name 5 | V30: Name 6 | W30: Name 7 | X30: Name 8 | Y30: Name 9 | Z30: Name 10 | AA30: Name 11 | AB30: Name 12 | AC30: Name target
A31: 46009 | B31: 1.0878795 | C31: 0 | D31: 0.88 | E31: 0.21 | F31: 0.87787951 | G31: 1.2978795 | I31: Model/file changed | L31: Group 1 | M31: Group 2 | N31: Group 3 | O31: Revisions (data and model) | Q31: Name 1 | R31: Name 2 | S31: Name 3 | T31: Name 4 | U31: Name 5 | V31: Name 6 | W31: Name 7 | X31: Name 8 | Y31: Name 9 | Z31: Name 10 | AA31: Name 11 | AB31: Name 12 | AC31: Name target
A32: 46009 | B32: 1.0878795 | C32: 0 | D32: 0.88 | E32: 0.21 | F32: 0.87787951 | G32: 1.2978795 | I32: Model/file changed | L32: Group 1 | M32: Group 2 | N32: Group 3 | O32: Revisions (data and model) | Q32: Name 1 | R32: Name 2 | S32: Name 3 | T32: Name 4 | U32: Name 5 | V32: Name 6 | W32: Name 7 | X32: Name 8 | Y32: Name 9 | Z32: Name 10 | AA32: Name 11 | AB32: Name 12 | AC32: Name target
A33: 46009 | B33: 1.0878795 | C33: 0 | D33: 0.32 | E33: 0.30540562 | F33: 0.78247389 | G33: 1.3932851 | I33: Model/file changed | L33: Group 1 | M33: Group 2 | N33: Group 3 | O33: Revisions (data and model) | Q33: Name 1 | R33: Name 2 | S33: Name 3 | T33: Name 4 | U33: Name 5 | V33: Name 6 | W33: Name 7 | X33: Name 8 | Y33: Name 9 | Z33: Name 10 | AA33: Name 11 | AB33: Name 12 | AC33: Name target
A34: 46009 | B34: 1.0878795 | C34: 0 | D34: 0.88 | E34: 0.21 | F34: 0.87787951 | G34: 1.2978795 | I34: Model/file changed | L34: Group 1 | M34: Group 2 | N34: Group 3 | O34: Revisions (data and model) | Q34: Name 1 | R34: Name 2 | S34: Name 3 | T34: Name 4 | U34: Name 5 | V34: Name 6 | W34: Name 7 | X34: Name 8 | Y34: Name 9 | Z34: Name 10 | AA34: Name 11 | AB34: Name 12 | AC34: Name target
A35: 46009 | B35: 0.58037448 | C35: 0 | D35: 0.88 | E35: 0.21 | F35: 0.37037448 | G35: 0.79037448 | I35: Model/file changed | L35: Group 1 | M35: Group 2 | N35: Revisions (data and model) | P35: Name 1 | Q35: Name 2 | R35: Name 3 | S35: Name 4
A36: 46009 | B36: 0.30423539 | C36: 0 | D36: 0.88 | E36: 0.21 | F36: 0.09423539 | G36: 0.51423539 | I36: Model/file changed | L36: Group 1 | M36: Group 2 | N36: Group 3 | O36: Revisions (data and model) | Q36: Name 1 | R36: Name 2 | S36: Name 3 | T36: Name 4 | U36: Name 5 | V36: Name 6 | W36: Name 7 | X36: Name 8 | Y36: Name 9 | Z36: Name 10 | AA36: Name 11 | AB36: Name 12 | AC36: Name target
A37: 46009 | B37: 0.61434105 | C37: 0 | D37: 0.88 | E37: 0.21 | F37: 0.40434105 | G37: 0.82434105 | I37: Model/file changed | L37: Group 1 | M37: Group 2 | N37: Group 3 | O37: Revisions (data and model) | Q37: Name 1 | R37: Name 2 | S37: Name 3 | T37: Name 4 | U37: Name 5 | V37: Name 6 | W37: Name 7 | X37: Name 8 | Y37: Name 9 | Z37: Name 10 | AA37: Name 11 | AB37: Name 12 | AC37: Name target
